{
  "project_info": {
    "project_number": "389028308493",
    "project_id": "upahar-91a78",
    "storage_bucket": "upahar-91a78.firebasestorage.app"
  },
  "client": [
    {
      "client_info": {
        "mobilesdk_app_id": "1:389028308493:android:9c251898cf41f132061744",
        "android_client_info": {
          "package_name": "com.upahar.user"
        }
      },
      "oauth_client": [],
      "api_key": [
        {
          "current_key": "AIzaSyD-Ik5Xd1-lNRB2LE0ScRvf4LnosnZO6XQ"
        }
      ],
      "services": {
        "appinvite_service": {
          "other_platform_oauth_client": []
        }
      }
    }
  ],
  "configuration_version": "1"
}